Company Name,Address,Estalbished Year,No. Of Employees,Product & Services,,
Middle East Enterprises,"Doha, Qatar",1991,106,Business development; Investment advisory; Strategic partnerships,,
Emirates Trading,"Jeddah, Saudi Arabia",2003,39,Import/export; Wholesale distribution; Market sourcing,,
Desert Logistics,"Dubai, UAE",2018,28,Freight forwarding; Warehousing; Supply chain management,,
Gulf Industries,"Jeddah, Saudi Arabia",1995,119,Manufacturing; Industrial equipment supply; Quality control,,
Oasis Services,"Kuwait City, Kuwait",2000,60,Facility management; Customer support; Maintenance services,,
Desert Ventures,"Kuwait City, Kuwait",2010,56,Business development; Investment advisory; Strategic partnerships,,
Arabian Solutions,"Manama, Bahrain",2024,53,IT consulting; Business process optimization; System integration,,
Arabian Logistics,"Muscat, Oman",1998,42,Freight forwarding; Warehousing; Supply chain management,,
Pearl Trading,"Jeddah, Saudi Arabia",2007,119,Import/export; Wholesale distribution; Market sourcing,,
Al Ventures,"Riyadh, Saudi Arabia",2013,38,Business development; Investment advisory; Strategic partnerships,,
Sahara Logistics,"Dubai, UAE",1990,111,Freight forwarding; Warehousing; Supply chain management,,
Middle East Group,"Manama, Bahrain",2016,119,Business development; Investment advisory; Strategic partnerships,,
Oasis Logistics,"Manama, Bahrain",1989,139,Freight forwarding; Warehousing; Supply chain management,,
Emirates Solutions,"Dubai, UAE",2022,94,IT consulting; Business process optimization; System integration,,
Pearl Services,"Dubai, UAE",2005,36,Facility management; Customer support; Maintenance services,,
Pearl Group,"Sharjah, UAE",1994,100,Business development; Investment advisory; Strategic partnerships,,
Emirates Enterprises,"Dubai, UAE",2011,79,Business development; Investment advisory; Strategic partnerships,,
Desert Trading,"Riyadh, Saudi Arabia",1997,29,Import/export; Wholesale distribution; Market sourcing,,
Desert Consulting,"Doha, Qatar",2009,28,General consulting; Business services,,
Falcon Industries,"Manama, Bahrain",2020,36,Manufacturing; Industrial equipment supply; Quality control,,
Sahara Industries,"Abu Dhabi, UAE",1988,52,Manufacturing; Industrial equipment supply; Quality control,,
Oasis Ventures,"Kuwait City, Kuwait",2019,54,Business development; Investment advisory; Strategic partnerships,,
Gulf Logistics,"Manama, Bahrain",2023,89,Freight forwarding; Warehousing; Supply chain management,,
Desert Industries,"Riyadh, Saudi Arabia",2002,102,Manufacturing; Industrial equipment supply; Quality control,,
Middle East Holdings,"Kuwait City, Kuwait",2014,28,General consulting; Business services,,
Pearl Solutions,"Sharjah, UAE",1993,96,IT consulting; Business process optimization; System integration,,
Middle East Holdings,"Riyadh, Saudi Arabia",2006,50,General consulting; Business services,,
Desert Ventures,"Dubai, UAE",2025,116,Business development; Investment advisory; Strategic partnerships,,
Arabian Trading,"Kuwait City, Kuwait",1992,108,Import/export; Wholesale distribution; Market sourcing,,
Desert Services,"Manama, Bahrain",2017,114,Facility management; Customer support; Maintenance services,,
Arabian Group,"Abu Dhabi, UAE",1996,94,Business development; Investment advisory; Strategic partnerships,,
Al Holdings,"Kuwait City, Kuwait",2008,78,General consulting; Business services,,
Arabian Group,"Sharjah, UAE",2015,53,Business development; Investment advisory; Strategic partnerships,,
Middle East Ventures,"Manama, Bahrain",1999,82,Business development; Investment advisory; Strategic partnerships,,
Pearl Solutions,"Muscat, Oman",2021,100,IT consulting; Business process optimization; System integration,,
Falcon Ventures,"Doha, Qatar",1987,60,Business development; Investment advisory; Strategic partnerships,,
Sahara Services,"Kuwait City, Kuwait",2012,128,Facility management; Customer support; Maintenance services,,
Emirates Enterprises,"Abu Dhabi, UAE",2004,136,Business development; Investment advisory; Strategic partnerships,,
Desert Industries,"Abu Dhabi, UAE",1998,25,Manufacturing; Industrial equipment supply; Quality control,,
Falcon Enterprises,"Doha, Qatar",2001,122,Business development; Investment advisory; Strategic partnerships,,
Arabian Group,"Kuwait City, Kuwait",2003,128,Business development; Investment advisory; Strategic partnerships,,
Falcon Logistics,"Dubai, UAE",1990,45,Freight forwarding; Warehousing; Supply chain management,,
Arabian Logistics,"Doha, Qatar",2025,114,Freight forwarding; Warehousing; Supply chain management,,
Arabian Group,"Kuwait City, Kuwait",2017,79,Business development; Investment advisory; Strategic partnerships,,
Arabian Industries,"Muscat, Oman",2011,68,Manufacturing; Industrial equipment supply; Quality control,,
Sahara Enterprises,"Riyadh, Saudi Arabia",1989,60,Business development; Investment advisory; Strategic partnerships,,
Falcon Enterprises,"Dubai, UAE",2016,44,Business development; Investment advisory; Strategic partnerships,,
Middle East Logistics,"Riyadh, Saudi Arabia",2000,52,Freight forwarding; Warehousing; Supply chain management,,
Al Logistics,"Doha, Qatar",1995,147,Freight forwarding; Warehousing; Supply chain management,,
Sahara Industries,"Riyadh, Saudi Arabia",2014,122,Manufacturing; Industrial equipment supply; Quality control,,
